<?xml version="1.0" encoding="UTF-8"?>
<project-private xmlns="http://www.netbeans.org/ns/project-private/1">
    <editor-bookmarks xmlns="http://www.netbeans.org/ns/editor-bookmarks/2" lastBookmarkId="0"/>
    <open-files xmlns="http://www.netbeans.org/ns/projectui-open-files/2">
        <group>
            <file>file:/F:/C%20System/ejercicios%20java/multicapa/src/clases/Principal.java</file>
            <file>file:/F:/C%20System/ejercicios%20java/multicapa/src/clases/ventana.java</file>
            <file>file:/F:/C%20System/ejercicios%20java/multicapa/src/clases/consulta.java</file>
            <file>file:/F:/C%20System/ejercicios%20java/multicapa/src/clases/ventana2.java</file>
        </group>
    </open-files>
</project-private>
